rsid	P
rs2414937	0.9828
rs12443188	0.8881
rs17293408	0.03262
rs71398298	0.2197
rs71400358	0.2133
rs12915039	0.4393
rs745103	0.897
rs145131010	0.9799
rs2033786	0.3483
rs12439792	0.003836
rs17293443	0.0003849
rs893473	0.01486
rs148501142	0.04718
rs17227716	0.01585
rs750766	0.005659
rs72743459	1.92e-05
rs2289263	0.008894
rs62006055	0.7181
rs7167532	0.1073
rs117251979	0.619
rs147793459	0.008448
rs72743461	5.676e-17
rs1866317	0.04368
rs2033785	0.1001
rs1866316	7.583e-11
rs11637659	0.897
rs11637816	0.1032
rs17293632	7.692e-17
rs17227883	2.506e-07
rs8024330	3.275e-11
rs11630297	2.02e-07
rs8026358	0.2689
rs10152307	1.43e-07
rs138866598	0.5867
rs10152544	2.98e-08
rs12439555	0.01594
rs145031687	0.2479
rs7177402	0.04571
rs71400359	0.01503
rs744910	3.345e-08
rs731874	0.0001969
rs7181794	0.01569
rs55687824	0.1746
rs35533195	0.09288
rs11634793	4.218e-08
rs12441344	0.05445
rs28434383	3.319e-11
rs56375023	9.225e-17
rs8032802	0.04945
rs8032739	8.735e-11
rs11637537	0.1263
rs183562163	0.2318
rs2033784	1.455e-10
rs17228058	6.379e-17
rs4776900	0.04584
rs7173698	1.359e-10
rs1470004	0.04884
rs7174445	4.004e-08
rs72743467	2.759e-12
rs112694013	0.1202
rs10152987	5.062e-07
rs7180244	0.0124
rs4601989	0.03834
rs76270685	0.0156
rs9920190	9.979e-11
rs7164786	9.23e-11
rs117135832	0.688
rs16950679	0.01069
rs35738694	2.767e-07
rs79483120	0.01036
rs56062135	8.557e-17
rs4776901	0.05275
rs11852653	4.66e-07
rs1065080	0.1211
rs2289261	0.02441
rs35874463	0.1992
rs56336520	0.005382
rs2289259	0.02751
rs140143645	0.6511
rs4562997	2.378e-11
rs17228212	0.0002868
rs28360855	2.54e-05
rs7179840	2.256e-07
rs7179893	0.1668
rs4776343	0.00902
rs11638064	0.06631
rs17228313	0.008254
rs11639295	0.8851
rs77813578	0.008746
rs7183244	9.492e-07
rs7165382	0.148
